<?xml version="1.0"?>
<doc>
    <assembly>
        <name>MvcContrib.XsltViewEngine</name>
    </assembly>
    <members>
        <member name="M:MvcContrib.XsltViewEngine.XmlResponseBuilder.#ctor(System.Web.HttpContextBase)">
            <summary>
            Context
            </summary>
            <param name="httpContext">The HTTP context.</param>
        </member>
        <member name="M:MvcContrib.XsltViewEngine.XmlResponseBuilder.CreateNewNode(System.String,System.String,System.String[])">
            <summary>
            Creates the new node.
            </summary>
            <param name="sNode">The s node.</param>
            <param name="sText">The s text.</param>
            <param name="sAttributes">The s attributes.</param>
            <returns></returns>
        </member>
        <member name="M:MvcContrib.XsltViewEngine.XmlResponseBuilder.InitMessageStructure">
            <summary>
            Initializes the message structure.
            </summary>
        </member>
        <member name="M:MvcContrib.XsltViewEngine.XmlResponseBuilder.AppendDataSourceToResponse(System.String)">
            <summary>
            Appends the data source to response.
            </summary>
            <param name="xml">The XML.</param>
        </member>
        <member name="M:MvcContrib.XsltViewEngine.XmlResponseBuilder.AppendDataSourceToResponse(System.Xml.XmlReader)">
            <summary>
            Appends the data source to response.
            </summary>
            <param name="xml">The XML.</param>
        </member>
        <member name="M:MvcContrib.XsltViewEngine.XmlResponseBuilder.AppendDataSourceToResponse(System.Xml.XmlNode)">
            <summary>
            Appends the data source to response.
            </summary>
            <param name="xml">The XML.</param>
        </member>
        <member name="M:MvcContrib.XsltViewEngine.XmlResponseBuilder.AddMessage(System.String,System.String)">
            <summary>
            Adds a message to the response xml document.
            </summary>
            <param name="message">The message.</param>
            <param name="type">The type.</param>
        </member>
        <member name="M:MvcContrib.XsltViewEngine.XmlResponseBuilder.AddMessage(System.String,System.String,System.String)">
            <summary>
            Adds a message to the response xml document.
            </summary>
            <param name="message">The message.</param>
            <param name="type">The type.</param>
            <param name="controlID">The control ID.</param>
        </member>
        <member name="P:MvcContrib.XsltViewEngine.XmlResponseBuilder.Message">
            <summary>
            Gets or sets the message.
            </summary>
            <value>The message.</value>
        </member>
        <member name="P:MvcContrib.XsltViewEngine.XmlResponseBuilder.Response">
            <summary>
            Gets the response.
            </summary>
            <value>The response.</value>
        </member>
        <member name="P:MvcContrib.XsltViewEngine.XmlResponseBuilder.AppPath">
            <summary>
            Gets the app path.
            </summary>
            <value>The app path.</value>
        </member>
    </members>
</doc>
