<?xml version="1.0" encoding="utf-8" ?>
<stories timestamp="1237522261" min_date="1234930260" total="457649" offset="0" count="10">
 <story link="http://www.youtube.com/watch?v=GMKO90jrF-c" submit_date="1237522255" diggs="1" id="11615130" comments="0" href="http://digg.com/tennis/Serve_goes_wide_You_go_wide" status="upcoming" media="videos">
  <description>http://www.hi10spro.blogspot.com shows a simple, fundamental move</description>
  <title>Serve goes wide, You go wide</title>
  <user name="hi10spro" icon="http://digg.com/users/hi10spro/l.png" registered="1224970872" profileviews="606" fullname="gary sakuma" />
  <topic name="Tennis" short_name="tennis" />
  <container name="Sports" short_name="sports" />
  <thumbnail originalwidth="120" originalheight="90" contentType="image/jpeg" src="http://digg.com/tennis/Serve_goes_wide_You_go_wide/t.jpg" width="80" height="80" />
 </story>
 <story link="http://www.hostgatornews.com/web-hosting/hostgator-review-by-oldcqr-so-this-is-what-support-is-like/" submit_date="1237522251" diggs="1" id="11615129" comments="0" href="http://digg.com/business_finance/Hostgator_Review_by_oldcqr_So_this_is_what_support_is_like" status="upcoming" media="news">
  <description>After yet another disaster over at my previous host (disasters which they never admit to), I moved everything over to HG today. 3 separate sites.</description>
  <title>Hostgator Review by oldcqr - So this is what support is like</title>
  <user name="web259" icon="http://digg.com/img/udl.png" registered="1237266897" profileviews="7" />
  <topic name="Business &amp; Finance" short_name="business_finance" />
  <container name="World &amp; Business" short_name="world_business" />
  <thumbnail originalwidth="110" originalheight="110" contentType="image/gif" src="http://digg.com/business_finance/Hostgator_Review_by_oldcqr_So_this_is_what_support_is_like/t.gif" width="80" height="80" />
 </story>
 <story link="http://netbookreview.darrenyates.com.au/?p=209" submit_date="1237522251" diggs="1" id="11615128" comments="0" href="http://digg.com/software/Five_free_no_watermark_PDF_creation_tools_for_Windows" status="upcoming" media="news">
  <description>You don't need Acrobat to make your own PDF documents. There are plenty of freebie options available. While many have nagscreens or leave watermarks (of the digital variety) on your documents, we've found five that will work for free forever with no digital staining of your documents.</description>
  <title>Five free no-watermark PDF creation tools for Windows</title>
  <user name="pcuguru" icon="http://digg.com/img/udl.png" registered="1178334755" profileviews="1070" />
  <topic name="Software" short_name="software" />
  <container name="Technology" short_name="technology" />
  <thumbnail originalwidth="300" originalheight="230" contentType="image/jpeg" src="http://digg.com/software/Five_free_no_watermark_PDF_creation_tools_for_Windows/t.jpg" width="80" height="80" />
 </story>
 <story link="http://www.obamaodrama.com/index.php/2009/03/19/government-taxing-bonuses-to-get-their-fix/" submit_date="1237522246" diggs="1" id="11615127" comments="0" href="http://digg.com/political_opinion/Government_Taxing_Bonuses_To_Get_Their_Fix" status="upcoming" media="news">
  <description>Today, in yet another show of outrage resulting from corporate “greed” epitomized by the AIG bonusgate, the Democrat led House passed a bill that would tax employee bonuses at companies that received government assistance. </description>
  <title>Government Taxing Bonuses To Get Their “Fix”</title>
  <user name="Newzie1" icon="http://digg.com/img/udl.png" registered="1236969587" profileviews="20" />
  <topic name="Political Opinion" short_name="political_opinion" />
  <container name="World &amp; Business" short_name="world_business" />
 </story>
 <story link="http://www.minutelynews.com/ncaa-wrestling-championships-2009/" submit_date="1237522227" diggs="1" id="11615125" comments="0" href="http://digg.com/other_sports/NCAA_Wrestling_Championships_2009" status="upcoming" media="news">
  <description>Now what people are caring about is NCAA Wrestling Championships, yeah, this is a big event this year. We have been waiting the exciting moment for a long time. But before we head over to the topic, let’s talk about some related thing.</description>
  <title>NCAA Wrestling Championships 2009</title>
  <user name="handingchao" icon="http://digg.com/users/handingchao/l.png" registered="1195348215" profileviews="2185" fullname="HanDingchao" />
  <topic name="Other Sports" short_name="other_sports" />
  <container name="Sports" short_name="sports" />
  <thumbnail originalwidth="550" originalheight="290" contentType="image/jpeg" src="http://digg.com/other_sports/NCAA_Wrestling_Championships_2009/t.jpg" width="80" height="80" />
 </story>
 <story link="http://wow-leveling-guides.net/how-to-reach-level-70-in-no-time-flat/" submit_date="1237522226" diggs="1" id="11615124" comments="0" href="http://digg.com/pc_games/How_to_Reach_Level_70_in_No_Time_Flat_in_WoW" status="upcoming" media="news">
  <description>How long do you really want to sit by and let your guild mates and friends tease you for still running around at Level 54 and not being any closer to the end of the game?</description>
  <title>How to Reach Level 70 in No Time Flat in WoW</title>
  <user name="matthewdc" icon="http://digg.com/img/udl.png" registered="1183334352" profileviews="385" />
  <topic name="PC Games" short_name="pc_games" />
  <container name="Gaming" short_name="gaming" />
  <thumbnail originalwidth="250" originalheight="250" contentType="image/jpeg" src="http://digg.com/pc_games/How_to_Reach_Level_70_in_No_Time_Flat_in_WoW/t.jpg" width="80" height="80" />
 </story>
 <story link="http://www.canadaupdates.com/blogs/do_not_be_a_victim_of_fake_immigration_agents-9605.html" submit_date="1237522209" diggs="1" id="11615123" comments="0" href="http://digg.com/world_news/Do_not_be_a_victim_of_fake_immigration_agents" status="upcoming" media="news">
  <description>I have shared this because I do not want others to suffer. There are quite a few scammers who act as legal immigration agents and can even provide you legal work permits for many countries. But the fact is that they are not authorized immigration agents and should be avoided. I have stated below some things that might help you to avoid these frauds</description>
  <title>Do not be a victim of fake immigration agents</title>
  <user name="terry9" icon="http://digg.com/img/udl.png" registered="1167998821" profileviews="809" />
  <topic name="World News" short_name="world_news" />
  <container name="World &amp; Business" short_name="world_business" />
 </story>
 <story link="http://vb.vip600.com/showthread.php?t=442844" submit_date="1237522208" diggs="1" id="11615122" comments="0" href="http://digg.com/celebrity/sexy_41" status="upcoming" media="news">
  <description>قلنا ممنوع دخول الشباب طلعتوا انتوا اللي مابتنعطوا عينمثير نارمقطع غريب عجيب وجميل في نفس الوقت</description>
  <title>فيديو بنات رووووووعه ممنوع دخول الشباب sexy</title>
  <user name="dawood68" icon="http://digg.com/img/udl.png" registered="1237443280" profileviews="2" fullname="wasseem" />
  <topic name="Celebrity" short_name="celebrity" />
  <container name="Entertainment" short_name="entertainment" />
  <thumbnail originalwidth="180" originalheight="180" contentType="image/gif" src="http://digg.com/celebrity/sexy_41/t.gif" width="80" height="80" />
 </story>
 <story link="http://www.reallyeasyhomebusiness.com/Three-Things-No-One-Ever-Tells-You-About-Choosing-the-Best-Home-Business.php" submit_date="1237522203" diggs="1" id="11615121" comments="0" href="http://digg.com/business_finance/Three_Things_No_One_Ever_Tells_You_About_Choosing_the_Best_H" status="upcoming" media="news">
  <description>Great tips on choosing your own best home business.  How does one find the right opportunity?  Do I need to look for the latest hot opportunity?  </description>
  <title>Three Things No One Ever Tells You About Choosing the Best H</title>
  <user name="skalua1234" icon="http://digg.com/users/skalua1234/l.png" registered="1224110930" profileviews="407" />
  <topic name="Business &amp; Finance" short_name="business_finance" />
  <container name="World &amp; Business" short_name="world_business" />
 </story>
</stories>