<?xml version="1.0"?>
<doc>
    <assembly>
        <name>Castle.Facilities.ActiveRecordIntegration</name>
    </assembly>
    <members>
        <member name="T:Castle.Facilities.ActiveRecordIntegration.ActiveRecordFacility">
            <summary>
            Provides integration with ActiveRecord framework.
            </summary>
        </member>
        <member name="M:Castle.Facilities.ActiveRecordIntegration.ActiveRecordFacility.#ctor">
            <summary>
            Initializes a new instance of the <see cref="T:Castle.Facilities.ActiveRecordIntegration.ActiveRecordFacility"/> class.
            </summary>
        </member>
        <member name="M:Castle.Facilities.ActiveRecordIntegration.ActiveRecordFacility.#ctor(System.Boolean)">
            <summary>
            Initializes a new instance of the <see cref="T:Castle.Facilities.ActiveRecordIntegration.ActiveRecordFacility"/> class.
            </summary>
        </member>
        <member name="M:Castle.Facilities.ActiveRecordIntegration.ActiveRecordFacility.#ctor(System.Boolean,System.Boolean)">
            <summary>
            Initializes a new instance of the <see cref="T:Castle.Facilities.ActiveRecordIntegration.ActiveRecordFacility"/> class.
            </summary>
        </member>
        <member name="M:Castle.Facilities.ActiveRecordIntegration.ActiveRecordFacility.Init">
            <summary>
            The custom initialization for the Facility.
            </summary>
            <remarks>It must be overriden.</remarks>
        </member>
        <member name="M:Castle.Facilities.ActiveRecordIntegration.ActiveRecordFacility.Dispose">
            <summary>
            Performs the tasks associated with freeing, releasing, or resetting
            the facility resources.
            </summary>
            <remarks>It can be overriden.</remarks>
        </member>
        <member name="T:Castle.Facilities.ActiveRecordIntegration.SafeSessionProxy">
            <summary>
            This class implements <see cref="T:NHibernate.ISession"/>
            and delegates <see cref="M:Castle.Facilities.ActiveRecordIntegration.SafeSessionProxy.Close"/> and 
            <see cref="M:Castle.Facilities.ActiveRecordIntegration.SafeSessionProxy.Dispose"/> to <see cref="M:Castle.ActiveRecord.Framework.ISessionFactoryHolder.ReleaseSession(NHibernate.ISession)"/>
            as the session is in fact managed by ActiveRecord framework
            </summary>
        </member>
        <member name="M:Castle.Facilities.ActiveRecordIntegration.SafeSessionProxy.#ctor(Castle.ActiveRecord.Framework.ISessionFactoryHolder,NHibernate.ISession)">
            <summary>
            Initializes a new instance of the <see cref="T:Castle.Facilities.ActiveRecordIntegration.SafeSessionProxy"/> class.
            </summary>
            <param name="holder">The holder.</param>
            <param name="innerSession">The inner session.</param>
        </member>
        <member name="M:Castle.Facilities.ActiveRecordIntegration.SafeSessionProxy.Flush">
            <summary>
            Force the <c>ISession</c> to flush.
            </summary>
            <remarks>
            Must be called at the end of a unit of work, before commiting the transaction and closing
            the session (<c>Transaction.Commit()</c> calls this method). <i>Flushing</i> if the process
            of synchronising the underlying persistent store with persistable state held in memory.
            </remarks>
        </member>
        <member name="M:Castle.Facilities.ActiveRecordIntegration.SafeSessionProxy.Disconnect">
            <summary>
            Disconnect the <c>ISession</c> from the current ADO.NET connection.
            </summary>
            <returns>
            The connection provided by the application or <see langword="null"/>
            </returns>
            <remarks>
            If the connection was obtained by Hibernate, close it or return it to the connection
            pool. Otherwise return it to the application. This is used by applications which require
            long transactions.
            </remarks>
        </member>
        <member name="M:Castle.Facilities.ActiveRecordIntegration.SafeSessionProxy.Reconnect">
            <summary>
            Obtain a new ADO.NET connection.
            </summary>
            <remarks>
            This is used by applications which require long transactions
            </remarks>
        </member>
        <member name="M:Castle.Facilities.ActiveRecordIntegration.SafeSessionProxy.Reconnect(System.Data.IDbConnection)">
            <summary>
            Reconnect to the given ADO.NET connection.
            </summary>
            <param name="connection">An ADO.NET connection</param>
            <remarks>This is used by applications which require long transactions</remarks>
        </member>
        <member name="M:Castle.Facilities.ActiveRecordIntegration.SafeSessionProxy.Close">
            <summary>
            End the <c>ISession</c> by disconnecting from the ADO.NET connection and cleaning up.
            </summary>
            <returns>
            The connection provided by the application or <see langword="null"/>
            </returns>
            <remarks>
            It is not strictly necessary to <c>Close()</c> the <c>ISession</c> but you must
            at least <c>Disconnect()</c> it.
            </remarks>
        </member>
        <member name="M:Castle.Facilities.ActiveRecordIntegration.SafeSessionProxy.CancelQuery">
            <summary>
            Cancel execution of the current query.
            </summary>
            <remarks>
            May be called from one thread to stop execution of a query in another thread.
            Use with care!
            </remarks>
        </member>
        <member name="M:Castle.Facilities.ActiveRecordIntegration.SafeSessionProxy.IsDirty">
            <summary>
            Does this <c>ISession</c> contain any changes which must be
            synchronized with the database? Would any SQL be executed if
            we flushed this session?
            </summary>
            <returns></returns>
        </member>
        <member name="M:Castle.Facilities.ActiveRecordIntegration.SafeSessionProxy.GetIdentifier(System.Object)">
            <summary>
            Return the identifier of an entity instance cached by the <c>ISession</c>
            </summary>
            <param name="obj">a persistent instance</param>
            <returns>the identifier</returns>
            <remarks>
            Throws an exception if the instance is transient or associated with a different
            <c>ISession</c>
            </remarks>
        </member>
        <member name="M:Castle.Facilities.ActiveRecordIntegration.SafeSessionProxy.Contains(System.Object)">
            <summary>
            Is this instance associated with this Session?
            </summary>
            <param name="obj">an instance of a persistent class</param>
            <returns>
            true if the given instance is associated with this Session
            </returns>
        </member>
        <member name="M:Castle.Facilities.ActiveRecordIntegration.SafeSessionProxy.Evict(System.Object)">
            <summary>
            Remove this instance from the session cache.
            </summary>
            <param name="obj">a persistent instance</param>
            <remarks>
            Changes to the instance will not be synchronized with the database.
            This operation cascades to associated instances if the association is mapped
            with <c>cascade="all"</c> or <c>cascade="all-delete-orphan"</c>.
            </remarks>
        </member>
        <member name="M:Castle.Facilities.ActiveRecordIntegration.SafeSessionProxy.Load(System.Type,System.Object,NHibernate.LockMode)">
            <summary>
            Return the persistent instance of the given entity class with the given identifier,
            obtaining the specified lock mode.
            </summary>
            <param name="theType">A persistent class</param>
            <param name="id">A valid identifier of an existing persistent instance of the class</param>
            <param name="lockMode">The lock level</param>
            <returns>the persistent instance</returns>
        </member>
        <member name="M:Castle.Facilities.ActiveRecordIntegration.SafeSessionProxy.Load(System.Type,System.Object)">
            <summary>
            Return the persistent instance of the given entity class with the given identifier,
            assuming that the instance exists.
            </summary>
            <param name="theType">A persistent class</param>
            <param name="id">A valid identifier of an existing persistent instance of the class</param>
            <returns>The persistent instance or proxy</returns>
            <remarks>
            You should not use this method to determine if an instance exists (use a query or
            <see cref="M:NHibernate.ISession.Get(System.Type,System.Object)"/> instead). Use this only to retrieve an instance
            that you assume exists, where non-existence would be an actual error.
            </remarks>
        </member>
        <member name="M:Castle.Facilities.ActiveRecordIntegration.SafeSessionProxy.Load``1(System.Object,NHibernate.LockMode)">
            <summary>
            Loads the specified id.
            </summary>
            <typeparam name="T"></typeparam>
            <param name="id">The id.</param>
            <param name="lockMode">The lock mode.</param>
            <returns></returns>
        </member>
        <member name="M:Castle.Facilities.ActiveRecordIntegration.SafeSessionProxy.Load``1(System.Object)">
            <summary>
            Loads the specified id.
            </summary>
            <typeparam name="T"></typeparam>
            <param name="id">The id.</param>
            <returns></returns>
        </member>
        <member name="M:Castle.Facilities.ActiveRecordIntegration.SafeSessionProxy.Load(System.Object,System.Object)">
            <summary>
            Read the persistent state associated with the given identifier into the given transient
            instance.
            </summary>
            <param name="obj">An "empty" instance of the persistent class</param>
            <param name="id">A valid identifier of an existing persistent instance of the class</param>
        </member>
        <member name="M:Castle.Facilities.ActiveRecordIntegration.SafeSessionProxy.Get(System.Type,System.Object)">
            <summary>
            Return the persistent instance of the given entity class with the given identifier, or null
            if there is no such persistent instance. (If the instance, or a proxy for the instance, is
            already associated with the session, return that instance or proxy.)
            </summary>
            <param name="clazz">a persistent class</param>
            <param name="id">an identifier</param>
            <returns>a persistent instance or null</returns>
        </member>
        <member name="M:Castle.Facilities.ActiveRecordIntegration.SafeSessionProxy.Get(System.Type,System.Object,NHibernate.LockMode)">
            <summary>
            Return the persistent instance of the given entity class with the given identifier, or null
            if there is no such persistent instance. Obtain the specified lock mode if the instance
            exists.
            </summary>
            <param name="clazz">a persistent class</param>
            <param name="id">an identifier</param>
            <param name="lockMode">the lock mode</param>
            <returns>a persistent instance or null</returns>
        </member>
        <member name="M:Castle.Facilities.ActiveRecordIntegration.SafeSessionProxy.Get(System.String,System.Object)">
            <summary> 
            Return the persistent instance of the given named entity with the given identifier,
            or null if there is no such persistent instance. (If the instance, or a proxy for the
            instance, is already associated with the session, return that instance or proxy.) 
            </summary>
            <param name="entityName">the entity name </param>
            <param name="id">an identifier </param>
            <returns> a persistent instance or null </returns>
        </member>
        <member name="M:Castle.Facilities.ActiveRecordIntegration.SafeSessionProxy.Get``1(System.Object)">
            <summary>
            Gets the specified id.
            </summary>
            <typeparam name="T"></typeparam>
            <param name="id">The id.</param>
            <returns></returns>
        </member>
        <member name="M:Castle.Facilities.ActiveRecordIntegration.SafeSessionProxy.Get``1(System.Object,NHibernate.LockMode)">
            <summary>
            Gets the specified id.
            </summary>
            <typeparam name="T"></typeparam>
            <param name="id">The id.</param>
            <param name="lockMode">The lock mode.</param>
            <returns></returns>
        </member>
        <member name="M:Castle.Facilities.ActiveRecordIntegration.SafeSessionProxy.EnableFilter(System.String)">
            <summary>
            Enable the named filter for this current session.
            </summary>
            <param name="filterName">The name of the filter to be enabled.</param>
            <returns>
            The Filter instance representing the enabled fiter.
            </returns>
        </member>
        <member name="M:Castle.Facilities.ActiveRecordIntegration.SafeSessionProxy.GetEnabledFilter(System.String)">
            <summary>
            Retrieve a currently enabled filter by name.
            </summary>
            <param name="filterName">The name of the filter to be retrieved.</param>
            <returns>
            The Filter instance representing the enabled fiter.
            </returns>
        </member>
        <member name="M:Castle.Facilities.ActiveRecordIntegration.SafeSessionProxy.DisableFilter(System.String)">
            <summary>
            Disable the named filter for the current session.
            </summary>
            <param name="filterName">The name of the filter to be disabled.</param>
        </member>
        <member name="M:Castle.Facilities.ActiveRecordIntegration.SafeSessionProxy.CreateMultiQuery">
            <summary>
            Create a multi query, a query that can send several
            queries to the server, and return all their results in a single
            call.
            </summary>
            <returns>
            An <see cref="T:NHibernate.IMultiQuery"/> that can return
            a list of all the results of all the queries.
            Note that each query result is itself usually a list.
            </returns>
        </member>
        <member name="M:Castle.Facilities.ActiveRecordIntegration.SafeSessionProxy.Replicate(System.Object,NHibernate.ReplicationMode)">
            <summary>
            Persist all reachable transient objects, reusing the current identifier
            values. Note that this will not trigger the Interceptor of the Session.
            </summary>
            <param name="obj"></param>
            <param name="replicationMode"></param>
        </member>
        <member name="M:Castle.Facilities.ActiveRecordIntegration.SafeSessionProxy.Replicate(System.String,System.Object,NHibernate.ReplicationMode)">
            <summary> 
            Persist the state of the given detached instance, reusing the current
            identifier value.  This operation cascades to associated instances if
            the association is mapped with <tt>cascade="replicate"</tt>. 
            </summary>
            <param name="entityName"></param>
            <param name="obj">a detached instance of a persistent class </param>
            <param name="replicationMode"></param>
        </member>
        <member name="M:Castle.Facilities.ActiveRecordIntegration.SafeSessionProxy.Save(System.Object)">
            <summary>
            Persist the given transient instance, first assigning a generated identifier.
            </summary>
            <param name="obj">A transient instance of a persistent class</param>
            <returns>The generated identifier</returns>
            <remarks>
            Save will use the current value of the identifier property if the <c>Assigned</c>
            generator is used.
            </remarks>
        </member>
        <member name="M:Castle.Facilities.ActiveRecordIntegration.SafeSessionProxy.Save(System.Object,System.Object)">
            <summary>
            Persist the given transient instance, using the given identifier.
            </summary>
            <param name="obj">A transient instance of a persistent class</param>
            <param name="id">An unused valid identifier</param>
        </member>
        <member name="M:Castle.Facilities.ActiveRecordIntegration.SafeSessionProxy.Save(System.String,System.Object)">
            <summary>
            Persist the given transient instance, first assigning a generated identifier. (Or
            using the current value of the identifier property if the <tt>assigned</tt>
            generator is used.)
            </summary>
            <param name="entityName">The Entity name.</param>
            <param name="obj">a transient instance of a persistent class </param>
            <returns> the generated identifier </returns>
            <remarks>
            This operation cascades to associated instances if the
            association is mapped with <tt>cascade="save-update"</tt>. 
            </remarks>
        </member>
        <member name="M:Castle.Facilities.ActiveRecordIntegration.SafeSessionProxy.SaveOrUpdate(System.Object)">
            <summary>
            Either <c>Save()</c> or <c>Update()</c> the given instance, depending upon the value of
            its identifier property.
            </summary>
            <param name="obj">A transient instance containing new or updated state</param>
            <remarks>
            By default the instance is always saved. This behaviour may be adjusted by specifying
            an <c>unsaved-value</c> attribute of the identifier property mapping
            </remarks>
        </member>
        <member name="M:Castle.Facilities.ActiveRecordIntegration.SafeSessionProxy.SaveOrUpdate(System.String,System.Object)">
            <summary> 
            Either <see cref="M:Castle.Facilities.ActiveRecordIntegration.SafeSessionProxy.Save(System.String,System.Object)"/> or <see cref="M:Castle.Facilities.ActiveRecordIntegration.SafeSessionProxy.Update(System.String,System.Object)"/>
            the given instance, depending upon resolution of the unsaved-value checks
            (see the manual for discussion of unsaved-value checking).
            </summary>
            <param name="entityName">The name of the entity </param>
            <param name="obj">a transient or detached instance containing new or updated state </param>
            <seealso cref="M:NHibernate.ISession.Save(System.String,System.Object)"/>
            <seealso cref="M:NHibernate.ISession.Update(System.String,System.Object)"/>
            <remarks>
            This operation cascades to associated instances if the association is mapped
            with <tt>cascade="save-update"</tt>. 
            </remarks>
        </member>
        <member name="M:Castle.Facilities.ActiveRecordIntegration.SafeSessionProxy.Update(System.Object)">
            <summary>
            Update the persistent instance with the identifier of the given transient instance.
            </summary>
            <param name="obj">A transient instance containing updated state</param>
            <remarks>
            If there is a persistent instance with the same identifier, an exception is thrown. If
            the given transient instance has a <see langword="null"/> identifier, an exception will be thrown.
            </remarks>
        </member>
        <member name="M:Castle.Facilities.ActiveRecordIntegration.SafeSessionProxy.Update(System.Object,System.Object)">
            <summary>
            Update the persistent state associated with the given identifier.
            </summary>
            <param name="obj">A transient instance containing updated state</param>
            <param name="id">Identifier of persistent instance</param>
            <remarks>
            An exception is thrown if there is a persistent instance with the same identifier
            in the current session.
            </remarks>
        </member>
        <member name="M:Castle.Facilities.ActiveRecordIntegration.SafeSessionProxy.Update(System.String,System.Object)">
            <summary> 
            Update the persistent instance with the identifier of the given detached
            instance. 
            </summary>
            <param name="entityName">The Entity name.</param>
            <param name="obj">a detached instance containing updated state </param>
            <remarks>
            If there is a persistent instance with the same identifier,
            an exception is thrown. This operation cascades to associated instances
            if the association is mapped with <tt>cascade="save-update"</tt>. 
            </remarks>
        </member>
        <member name="M:Castle.Facilities.ActiveRecordIntegration.SafeSessionProxy.Merge(System.Object)">
            <summary> 
            Copy the state of the given object onto the persistent object with the same
            identifier. If there is no persistent instance currently associated with
            the session, it will be loaded. Return the persistent instance. If the
            given instance is unsaved, save a copy of and return it as a newly persistent
            instance. The given instance does not become associated with the session.
            This operation cascades to associated instances if the association is mapped
            with <tt>cascade="merge"</tt>.<br/>
            <br/>
            The semantics of this method are defined by JSR-220. 
            </summary>
            <param name="obj">a detached instance with state to be copied </param>
            <returns> an updated persistent instance </returns>
        </member>
        <member name="M:Castle.Facilities.ActiveRecordIntegration.SafeSessionProxy.Merge(System.String,System.Object)">
            <summary> 
            Copy the state of the given object onto the persistent object with the same
            identifier. If there is no persistent instance currently associated with
            the session, it will be loaded. Return the persistent instance. If the
            given instance is unsaved, save a copy of and return it as a newly persistent
            instance. The given instance does not become associated with the session.
            This operation cascades to associated instances if the association is mapped
            with <tt>cascade="merge"</tt>.<br/>
            <br/>
            The semantics of this method are defined by JSR-220. 
            </summary>
            <param name="entityName">The entity name</param>
            <param name="obj">a detached instance with state to be copied </param>
            <returns> an updated persistent instance </returns>
        </member>
        <member name="M:Castle.Facilities.ActiveRecordIntegration.SafeSessionProxy.Persist(System.Object)">
            <summary> 
            Make a transient instance persistent. This operation cascades to associated
            instances if the association is mapped with <tt>cascade="persist"</tt>.<br/>
            <br/>
            The semantics of this method are defined by JSR-220. 
            </summary>
            <param name="obj">a transient instance to be made persistent </param>
        </member>
        <member name="M:Castle.Facilities.ActiveRecordIntegration.SafeSessionProxy.Persist(System.String,System.Object)">
            <summary> 
            Make a transient instance persistent. This operation cascades to associated
            instances if the association is mapped with <tt>cascade="persist"</tt>.<br/>
            <br/>
            The semantics of this method are defined by JSR-220. 
            </summary>
            <param name="entityName">The entity name.</param>
            <param name="obj">a transient instance to be made persistent </param>
        </member>
        <member name="M:Castle.Facilities.ActiveRecordIntegration.SafeSessionProxy.SaveOrUpdateCopy(System.Object)">
            <summary>
            Copy the state of the given object onto the persistent object with the same
            identifier. If there is no persistent instance currently associated with
            the session, it will be loaded. Return the persistent instance. If the
            given instance is unsaved or does not exist in the database, save it and
            return it as a newly persistent instance. Otherwise, the given instance
            does not become associated with the session.
            </summary>
            <param name="obj">a transient instance with state to be copied</param>
            <returns>an updated persistent instance</returns>
        </member>
        <member name="M:Castle.Facilities.ActiveRecordIntegration.SafeSessionProxy.SaveOrUpdateCopy(System.Object,System.Object)">
            <summary>
            Copy the state of the given object onto the persistent object with the
            given identifier. If there is no persistent instance currently associated
            with the session, it will be loaded. Return the persistent instance. If
            there is no database row with the given identifier, save the given instance
            and return it as a newly persistent instance. Otherwise, the given instance
            does not become associated with the session.
            </summary>
            <param name="obj">a persistent or transient instance with state to be copied</param>
            <param name="id">the identifier of the instance to copy to</param>
            <returns>an updated persistent instance</returns>
        </member>
        <member name="M:Castle.Facilities.ActiveRecordIntegration.SafeSessionProxy.Delete(System.Object)">
            <summary>
            Remove a persistent instance from the datastore.
            </summary>
            <param name="obj">The instance to be removed</param>
            <remarks>
            The argument may be an instance associated with the receiving <c>ISession</c> or a
            transient instance with an identifier associated with existing persistent state.
            </remarks>
        </member>
        <member name="M:Castle.Facilities.ActiveRecordIntegration.SafeSessionProxy.Find(System.String)">
            <summary>
            Execute a query
            </summary>
            <param name="query">A query expressed in Hibernate's query language</param>
            <returns>A distinct list of instances</returns>
            <remarks>See <see cref="M:NHibernate.IQuery.List"/> for implications of <c>cache</c> usage.</remarks>
        </member>
        <member name="M:Castle.Facilities.ActiveRecordIntegration.SafeSessionProxy.Find(System.String,System.Object,NHibernate.Type.IType)">
            <summary>
            Execute a query, binding a value to a "?" parameter in the query string.
            </summary>
            <param name="query">The query string</param>
            <param name="value">A value to be bound to a "?" placeholder</param>
            <param name="type">The Hibernate type of the value</param>
            <returns>A distinct list of instances</returns>
            <remarks>See <see cref="M:NHibernate.IQuery.List"/> for implications of <c>cache</c> usage.</remarks>
        </member>
        <member name="M:Castle.Facilities.ActiveRecordIntegration.SafeSessionProxy.Find(System.String,System.Object[],NHibernate.Type.IType[])">
            <summary>
            Execute a query, binding an array of values to a "?" parameters in the query string.
            </summary>
            <param name="query">The query string</param>
            <param name="values">An array of values to be bound to the "?" placeholders</param>
            <param name="types">An array of Hibernate types of the values</param>
            <returns>A distinct list of instances</returns>
            <remarks>See <see cref="M:NHibernate.IQuery.List"/> for implications of <c>cache</c> usage.</remarks>
        </member>
        <member name="M:Castle.Facilities.ActiveRecordIntegration.SafeSessionProxy.Enumerable(System.String)">
            <summary>
            Execute a query and return the results in an interator.
            </summary>
            <param name="query">The query string</param>
            <returns>An enumerator</returns>
            <remarks>
            	<para>
            If the query has multiple return values, values will be returned in an array of
            type <c>object[]</c>.
            </para>
            	<para>
            Entities returned as results are initialized on demand. The first SQL query returns
            identifiers only. So <c>Enumerator()</c> is usually a less efficient way to retrieve
            object than <c>List()</c>.
            </para>
            </remarks>
        </member>
        <member name="M:Castle.Facilities.ActiveRecordIntegration.SafeSessionProxy.Enumerable(System.String,System.Object,NHibernate.Type.IType)">
            <summary>
            Execute a query and return the results in an interator,
            binding a value to a "?" parameter in the query string.
            </summary>
            <param name="query">The query string</param>
            <param name="value">A value to be written to a "?" placeholder in the query string</param>
            <param name="type">The hibernate type of the value</param>
            <returns>An enumerator</returns>
            <remarks>
            	<para>
            If the query has multiple return values, values will be returned in an array of
            type <c>object[]</c>.
            </para>
            	<para>
            Entities returned as results are initialized on demand. The first SQL query returns
            identifiers only. So <c>Enumerator()</c> is usually a less efficient way to retrieve
            object than <c>List()</c>.
            </para>
            </remarks>
        </member>
        <member name="M:Castle.Facilities.ActiveRecordIntegration.SafeSessionProxy.Enumerable(System.String,System.Object[],NHibernate.Type.IType[])">
            <summary>
            Execute a query and return the results in an interator,
            binding the values to "?"s parameters in the query string.
            </summary>
            <param name="query">The query string</param>
            <param name="values">A list of values to be written to "?" placeholders in the query</param>
            <param name="types">A list of hibernate types of the values</param>
            <returns>An enumerator</returns>
            <remarks>
            	<para>
            If the query has multiple return values, values will be returned in an array of
            type <c>object[]</c>.
            </para>
            	<para>
            Entities returned as results are initialized on demand. The first SQL query returns
            identifiers only. So <c>Enumerator()</c> is usually a less efficient way to retrieve
            object than <c>List()</c>.
            </para>
            </remarks>
        </member>
        <member name="M:Castle.Facilities.ActiveRecordIntegration.SafeSessionProxy.Filter(System.Object,System.String)">
            <summary>
            Apply a filter to a persistent collection.
            </summary>
            <param name="collection">A persistent collection to filter</param>
            <param name="filter">A filter query string</param>
            <returns>The resulting collection</returns>
            <remarks>
            A filter is a Hibernate query that may refer to <c>this</c>, the collection element.
            Filters allow efficient access to very large lazy collections. (Executing the filter
            does not initialize the collection.)
            </remarks>
        </member>
        <member name="M:Castle.Facilities.ActiveRecordIntegration.SafeSessionProxy.Filter(System.Object,System.String,System.Object,NHibernate.Type.IType)">
            <summary>
            Apply a filter to a persistent collection, binding the given parameter to a "?" placeholder
            </summary>
            <param name="collection">A persistent collection to filter</param>
            <param name="filter">A filter query string</param>
            <param name="value">A value to be written to a "?" placeholder in the query</param>
            <param name="type">The hibernate type of value</param>
            <returns>A collection</returns>
            <remarks>
            A filter is a Hibernate query that may refer to <c>this</c>, the collection element.
            Filters allow efficient access to very large lazy collections. (Executing the filter
            does not initialize the collection.)
            </remarks>
        </member>
        <member name="M:Castle.Facilities.ActiveRecordIntegration.SafeSessionProxy.Filter(System.Object,System.String,System.Object[],NHibernate.Type.IType[])">
            <summary>
            Apply a filter to a persistent collection, binding the given parameters to "?" placeholders.
            </summary>
            <param name="collection">A persistent collection to filter</param>
            <param name="filter">A filter query string</param>
            <param name="values">The values to be written to "?" placeholders in the query</param>
            <param name="types">The hibernate types of the values</param>
            <returns>A collection</returns>
            <remarks>
            A filter is a Hibernate query that may refer to <c>this</c>, the collection element.
            Filters allow efficient access to very large lazy collections. (Executing the filter
            does not initialize the collection.)
            </remarks>
        </member>
        <member name="M:Castle.Facilities.ActiveRecordIntegration.SafeSessionProxy.GetEntityName(System.Object)">
            <summary>
            Return the entity name for a persistent entity
            </summary>
            <param name="obj">a persistent entity</param>
            <returns>the entity name</returns>
        </member>
        <member name="M:Castle.Facilities.ActiveRecordIntegration.SafeSessionProxy.SetBatchSize(System.Int32)">
            <summary>
            Sets the batch size of the session
            </summary>
            <param name="batchSize"></param>
            <returns></returns>
        </member>
        <member name="M:Castle.Facilities.ActiveRecordIntegration.SafeSessionProxy.CreateMultiCriteria">
            <summary>
            An <see cref="T:NHibernate.IMultiCriteria"/> that can return a list of all the results
            of all the criterias.
            </summary>
            <returns></returns>
        </member>
        <member name="M:Castle.Facilities.ActiveRecordIntegration.SafeSessionProxy.Delete(System.String)">
            <summary>
            Delete all objects returned by the query.
            </summary>
            <param name="query">The query string</param>
            <returns>Returns the number of objects deleted.</returns>
        </member>
        <member name="M:Castle.Facilities.ActiveRecordIntegration.SafeSessionProxy.Delete(System.String,System.Object,NHibernate.Type.IType)">
            <summary>
            Delete all objects returned by the query.
            </summary>
            <param name="query">The query string</param>
            <param name="value">A value to be written to a "?" placeholer in the query</param>
            <param name="type">The hibernate type of value.</param>
            <returns>The number of instances deleted</returns>
        </member>
        <member name="M:Castle.Facilities.ActiveRecordIntegration.SafeSessionProxy.Delete(System.String,System.Object[],NHibernate.Type.IType[])">
            <summary>
            Delete all objects returned by the query.
            </summary>
            <param name="query">The query string</param>
            <param name="values">A list of values to be written to "?" placeholders in the query</param>
            <param name="types">A list of Hibernate types of the values</param>
            <returns>The number of instances deleted</returns>
        </member>
        <member name="M:Castle.Facilities.ActiveRecordIntegration.SafeSessionProxy.Lock(System.Object,NHibernate.LockMode)">
            <summary>
            Obtain the specified lock level upon the given object.
            </summary>
            <param name="obj">A persistent instance</param>
            <param name="lockMode">The lock level</param>
        </member>
        <member name="M:Castle.Facilities.ActiveRecordIntegration.SafeSessionProxy.Lock(System.String,System.Object,NHibernate.LockMode)">
            <summary> 
            Obtain the specified lock level upon the given object. 
            </summary>
            <param name="entityName">The Entity name.</param>
            <param name="obj">a persistent or transient instance </param>
            <param name="lockMode">the lock level </param>
            <remarks>
            This may be used to perform a version check (<see cref="F:NHibernate.LockMode.Read"/>), to upgrade to a pessimistic
            lock (<see cref="F:NHibernate.LockMode.Upgrade"/>), or to simply reassociate a transient instance
            with a session (<see cref="F:NHibernate.LockMode.None"/>). This operation cascades to associated
            instances if the association is mapped with <tt>cascade="lock"</tt>.
            </remarks>
        </member>
        <member name="M:Castle.Facilities.ActiveRecordIntegration.SafeSessionProxy.Refresh(System.Object)">
            <summary>
            Re-read the state of the given instance from the underlying database.
            </summary>
            <param name="obj">A persistent instance</param>
            <remarks>
            	<para>
            It is inadvisable to use this to implement long-running sessions that span many
            business tasks. This method is, however, useful in certain special circumstances.
            </para>
            	<para>
            For example,
            <list>
            			<item>Where a database trigger alters the object state upon insert or update</item>
            			<item>After executing direct SQL (eg. a mass update) in the same session</item>
            			<item>After inserting a <c>Blob</c> or <c>Clob</c></item>
            		</list>
            	</para>
            </remarks>
        </member>
        <member name="M:Castle.Facilities.ActiveRecordIntegration.SafeSessionProxy.Refresh(System.Object,NHibernate.LockMode)">
            <summary>
            Re-read the state of the given instance from the underlying database, with
            the given <c>LockMode</c>.
            </summary>
            <param name="obj">a persistent or transient instance</param>
            <param name="lockMode">the lock mode to use</param>
            <remarks>
            It is inadvisable to use this to implement long-running sessions that span many
            business tasks. This method is, however, useful in certain special circumstances.
            </remarks>
        </member>
        <member name="M:Castle.Facilities.ActiveRecordIntegration.SafeSessionProxy.GetCurrentLockMode(System.Object)">
            <summary>
            Determine the current lock mode of the given object
            </summary>
            <param name="obj">A persistent instance</param>
            <returns>The current lock mode</returns>
        </member>
        <member name="M:Castle.Facilities.ActiveRecordIntegration.SafeSessionProxy.BeginTransaction">
            <summary>
            Begin a unit of work and return the associated <c>ITransaction</c> object.
            </summary>
            <returns>A transaction instance</returns>
            <remarks>
            If a new underlying transaction is required, begin the transaction. Otherwise
            continue the new work in the context of the existing underlying transaction.
            The class of the returned <see cref="T:NHibernate.ITransaction"/> object is determined by
            the property <c>transaction_factory</c>
            </remarks>
        </member>
        <member name="M:Castle.Facilities.ActiveRecordIntegration.SafeSessionProxy.BeginTransaction(System.Data.IsolationLevel)">
            <summary>
            Begin a transaction with the specified <c>isolationLevel</c>
            </summary>
            <param name="isolationLevel">Isolation level for the new transaction</param>
            <returns>
            A transaction instance having the specified isolation level
            </returns>
        </member>
        <member name="M:Castle.Facilities.ActiveRecordIntegration.SafeSessionProxy.CreateCriteria(System.Type)">
            <summary>
            Creates a new <c>Criteria</c> for the entity class.
            </summary>
            <param name="persistentClass">The class to Query</param>
            <returns>An ICriteria object</returns>
        </member>
        <member name="M:Castle.Facilities.ActiveRecordIntegration.SafeSessionProxy.CreateCriteria(System.Type,System.String)">
            <summary>
            Creates a new <c>Criteria</c> for the entity class with a specific alias
            </summary>
            <param name="persistentClass">The class to Query</param>
            <param name="alias">The alias of the entity</param>
            <returns>An ICriteria object</returns>
        </member>
        <member name="M:Castle.Facilities.ActiveRecordIntegration.SafeSessionProxy.CreateQuery(System.String)">
            <summary>
            Create a new instance of <c>Query</c> for the given query string
            </summary>
            <param name="queryString">A hibernate query string</param>
            <returns>The query</returns>
        </member>
        <member name="M:Castle.Facilities.ActiveRecordIntegration.SafeSessionProxy.CreateFilter(System.Object,System.String)">
            <summary>
            Create a new instance of <c>Query</c> for the given collection and filter string
            </summary>
            <param name="collection">A persistent collection</param>
            <param name="queryString">A hibernate query</param>
            <returns>A query</returns>
        </member>
        <member name="M:Castle.Facilities.ActiveRecordIntegration.SafeSessionProxy.GetNamedQuery(System.String)">
            <summary>
            Obtain an instance of <see cref="T:NHibernate.IQuery"/> for a named query string defined in the
            mapping file.
            </summary>
            <param name="queryName">The name of a query defined externally.</param>
            <returns>
            An <see cref="T:NHibernate.IQuery"/> from a named query string.
            </returns>
            <remarks>
            The query can be either in <c>HQL</c> or <c>SQL</c> format.
            </remarks>
        </member>
        <member name="M:Castle.Facilities.ActiveRecordIntegration.SafeSessionProxy.CreateSQLQuery(System.String)">
            <summary>
            Create a new instance of <see cref="T:NHibernate.ISQLQuery"/> for the given SQL query string.
            </summary>
            <param name="queryString">a query expressed in SQL</param>
            <returns>
            An <see cref="T:NHibernate.ISQLQuery"/> from the SQL string
            </returns>
        </member>
        <member name="M:Castle.Facilities.ActiveRecordIntegration.SafeSessionProxy.CreateSQLQuery(System.String,System.String,System.Type)">
            <summary>
            Create a new instance of <c>IQuery</c> for the given SQL string.
            </summary>
            <param name="sql">a query expressed in SQL</param>
            <param name="returnAlias">a table alias that appears inside <c>{}</c> in the SQL string</param>
            <param name="returnClass">the returned persistent class</param>
            <returns>
            An <see cref="T:NHibernate.IQuery"/> from the SQL string
            </returns>
        </member>
        <member name="M:Castle.Facilities.ActiveRecordIntegration.SafeSessionProxy.CreateSQLQuery(System.String,System.String[],System.Type[])">
            <summary>
            Create a new instance of <see cref="T:NHibernate.IQuery"/> for the given SQL string.
            </summary>
            <param name="sql">a query expressed in SQL</param>
            <param name="returnAliases">an array of table aliases that appear inside <c>{}</c> in the SQL string</param>
            <param name="returnClasses">the returned persistent classes</param>
            <returns>
            An <see cref="T:NHibernate.IQuery"/> from the SQL string
            </returns>
        </member>
        <member name="M:Castle.Facilities.ActiveRecordIntegration.SafeSessionProxy.Clear">
            <summary>
            Completely clear the session. Evict all loaded instances and cancel all pending
            saves, updates and deletions. Do not close open enumerables or instances of
            <c>ScrollableResults</c>.
            </summary>
        </member>
        <member name="M:Castle.Facilities.ActiveRecordIntegration.SafeSessionProxy.Dispose">
            <summary>
            Performs application-defined tasks associated with freeing, releasing, or resetting unmanaged resources.
            </summary>
        </member>
        <member name="M:Castle.Facilities.ActiveRecordIntegration.SafeSessionProxy.GetSessionImplementation">
            <summary>
            Gets the session implementation.
            </summary>
            <returns>
            An NHibernate implementation of the <seealso cref="T:NHibernate.Engine.ISessionImplementor"/> interface
            </returns>
            <remarks>
            This method is provided in order to get the <b>NHibernate</b> implementation of the session from wrapper implementions.
            Implementors of the <seealso cref="T:NHibernate.ISession"/> interface should return the NHibernate implementation of this method.
            </remarks>
        </member>
        <member name="M:Castle.Facilities.ActiveRecordIntegration.SafeSessionProxy.GetSession(NHibernate.EntityMode)">
            <summary>
            Starts a new Session with the given entity mode in effect. This secondary
            Session inherits the connection, transaction, and other context
            information from the primary Session. It doesn't need to be flushed
            or closed by the developer.
            </summary>
            <param name="entityMode">The entity mode to use for the new session.</param>
            <returns>The new session</returns>
        </member>
        <member name="P:Castle.Facilities.ActiveRecordIntegration.SafeSessionProxy.FlushMode">
            <summary>
            Determines at which points Hibernate automatically flushes the session.
            </summary>
            <value></value>
            <remarks>
            For a readonly session, it is reasonable to set the flush mode to <c>FlushMode.Never</c>
            at the start of the session (in order to achieve some extra performance).
            </remarks>
        </member>
        <member name="P:Castle.Facilities.ActiveRecordIntegration.SafeSessionProxy.SessionFactory">
            <summary>
            Get the <see cref="T:NHibernate.ISessionFactory"/> that created this instance.
            </summary>
            <value></value>
        </member>
        <member name="P:Castle.Facilities.ActiveRecordIntegration.SafeSessionProxy.Connection">
            <summary>
            Gets the ADO.NET connection.
            </summary>
            <value></value>
            <remarks>
            Applications are responsible for calling commit/rollback upon the connection before
            closing the <c>ISession</c>.
            </remarks>
        </member>
        <member name="P:Castle.Facilities.ActiveRecordIntegration.SafeSessionProxy.IsOpen">
            <summary>
            Is the <c>ISession</c> still open?
            </summary>
            <value></value>
        </member>
        <member name="P:Castle.Facilities.ActiveRecordIntegration.SafeSessionProxy.IsConnected">
            <summary>
            Is the <c>ISession</c> currently connected?
            </summary>
            <value></value>
        </member>
        <member name="P:Castle.Facilities.ActiveRecordIntegration.SafeSessionProxy.Transaction">
            <summary>
            Get the current Unit of Work and return the associated <c>ITransaction</c> object.
            </summary>
            <value></value>
        </member>
        <member name="P:Castle.Facilities.ActiveRecordIntegration.SafeSessionProxy.CacheMode">
            <summary>
            The current cache mode.
            </summary>
            <value></value>
            <remarks>
            Cache mode determines the manner in which this session can interact with
            the second level cache.
            </remarks>
        </member>
        <member name="P:Castle.Facilities.ActiveRecordIntegration.SafeSessionProxy.Statistics">
            <summary>
            Get the statistics for this session.
            </summary>
            <value></value>
        </member>
        <member name="P:Castle.Facilities.ActiveRecordIntegration.SafeSessionProxy.ActiveEntityMode">
            <summary>
            Gets the active entity mode.
            </summary>
            <value>The active entity mode.</value>
        </member>
        <member name="T:Castle.Facilities.ActiveRecordIntegration.SessionFactoryDelegate">
            <summary>
            Implements <see cref="T:NHibernate.ISessionFactory"/> allowing 
            it to be used by the container as an ordinary component.
            However only <see cref="M:NHibernate.ISessionFactory.OpenSession(System.Data.IDbConnection)"/>
            is implemented
            </summary>
        </member>
        <member name="M:Castle.Facilities.ActiveRecordIntegration.SessionFactoryDelegate.Create(Castle.ActiveRecord.Framework.ISessionFactoryHolder,System.Type)">
            <summary>
            Creates the specified session factory delegate from the holder and root type
            </summary>
            <param name="sessionFactoryHolder">The session factory holder.</param>
            <param name="arType">Type of the AR entity.</param>
        </member>
        <member name="T:Castle.Facilities.ActiveRecordIntegration.TransactionScopeResourceAdapter">
            <summary>
            
            </summary>
        </member>
        <member name="M:Castle.Facilities.ActiveRecordIntegration.TransactionScopeResourceAdapter.#ctor(Castle.Services.Transaction.TransactionMode)">
            <summary>
            Initializes a new instance of the <see cref="T:Castle.Facilities.ActiveRecordIntegration.TransactionScopeResourceAdapter"/> class.
            </summary>
            <param name="transactionMode">The transaction mode.</param>
        </member>
        <member name="M:Castle.Facilities.ActiveRecordIntegration.TransactionScopeResourceAdapter.Start">
            <summary>
            Implementors should start the
            transaction on the underlying resource
            </summary>
        </member>
        <member name="M:Castle.Facilities.ActiveRecordIntegration.TransactionScopeResourceAdapter.Commit">
            <summary>
            Implementors should commit the
            transaction on the underlying resource
            </summary>
        </member>
        <member name="M:Castle.Facilities.ActiveRecordIntegration.TransactionScopeResourceAdapter.Rollback">
            <summary>
            Implementors should rollback the
            transaction on the underlying resource
            </summary>
        </member>
        <member name="M:Castle.Facilities.ActiveRecordIntegration.TransactionScopeResourceAdapter.Dispose">
            <summary>
            Releases unmanaged and - optionally - managed resources
            </summary>
        </member>
    </members>
</doc>
